species,source,notes,synonym,ITIS Accepted Name,KINGDOM ,PHYLUM,subphylum,subclass,CLASS,Superorder,ORDER,FAMILY,GENUS
Abies species,https://www.itis.gov,,,,,,,,,,,,
Abutilon species,https://www.itis.gov,,,,,,,,,,,,
Acacia baileyana,https://www.itis.gov,,,,,,,,,,,,
Acacia decurrens,https://www.itis.gov,,,,,,,,,,,,
Acacia farnesiana,https://www.itis.gov,,,Vachellia farnesiana var. farnesiana,,,,,,,,,
Acacia longifolia,https://www.itis.gov,,,,,,,,,,,,
Acacia melanoxylon,https://www.itis.gov,,,,,,,,,,,,
Acacia species,https://www.itis.gov,,,,,,,,,,,,
Acca sellowiana,https://www.itis.gov,,,,,,,,,,,,
Acer macrophyllum,https://www.itis.gov,,,,,,,,,,,,
Acer negundo,https://www.itis.gov,,,,,,,,,,,,
Acer palmatum,https://www.itis.gov,,,,,,,,,,,,
Acer platanoides,https://www.itis.gov,,,,,,,,,,,,
Acer rubrum,https://www.itis.gov,,,,,,,,,,,,
Acer saccharinum,https://www.itis.gov,,,,,,,,,,,,
Acer species,https://www.itis.gov,,,,,,,,,,,,
Adenostoma fasciculatum,https://www.itis.gov,,,,,,,,,,,,
Aesculus californica,https://www.itis.gov,,,,,,,,,,,,
Aesculus hippocastanum,https://www.itis.gov,,,,,,,,,,,,
Aesculus pavia,https://www.itis.gov,,,,,,,,,,,,
Aesculus species,https://www.itis.gov,,,,,,,,,,,,
Afrocarpus falcatus,https://www.itis.gov,,,,,,,,,,,,
Agave attenuata,http://en.hortipedia.com/wiki/Agave_attenuata#Taxonomy,Non-match in ITIS,,,Plantae,,,Liliidae,Liliopsida,,Amaryllidales,Agavaceae,
Agonis flexuosa,http://www.gbif.org/species/,Non-match in ITIS,,, Plantae,  Tracheophyta,,,Magnoliopsida,,Myrtales,Myrtaceae,Agonis
Ailanthus altissima,https://www.itis.gov,,,,,,,,,,,,
Albizia julibrissin,https://www.itis.gov,,,,,,,,,,,,
Alnus cordata,https://www.itis.gov,,,,,,,,,,,,
Alnus rhombifolia,https://www.itis.gov,,,,,,,,,,,,
Alnus species,https://www.itis.gov,,,,,,,,,,,,
Aloe species,https://www.itis.gov,,,,,,,,,,,,
Aralia chapaensis,http://www.gbif.org/species/,Non-match in ITIS,,, Plantae,  Tracheophyta,,,  Magnoliopsida,,  Apiales,  Araliaceae,  Aralia L.
Araucaria excelsa,AUTHOR ???,LAURIE: Found this in BGIF,,,Plantae,Tracheophyta,,,Tracheophyta,,Pinopside,Pinales,Araucariaceae
Araucaria heterophylla,https://www.itis.gov,,,,,,,,,,,,
Arbutus menziesii,https://www.itis.gov,,,,,,,,,,,,
Arbutus unedo,https://www.itis.gov,,,,,,,,,,,,
Arbutus var. marina,https://selectree.calpoly.edu/tree-detail/arbutus-marina,Non-match in ITIS,,,,,,,,,,Ericaceae,
Archontophoenix alexandrae,https://www.itis.gov,,,,,,,,,,,,
Archontophoenix cunninghamiana,http://www.gbif.org/species/,Non-match in ITIS,,,Plantae,Tracheophyta,,,Liliopsida,,Arecales,Arecaceae,Archontophoenix H. Wendl. & Drude
Arecaceae,https://www.itis.gov,,,,,,,,,,,,
Arecastrum romanzoffianum,https://www.itis.gov,,,Syagrus romanzoffiana,,,,,,,,,
Baccharis pilularis,https://www.itis.gov,,,,,,,,,,,,
Bambusa tulda,https://www.itis.gov,,,,,,,,,,,,
Bauhinia purpurea,https://www.itis.gov,,,,,,,,,,,,
Bauhinia variegata,https://www.itis.gov,,,,,,,,,,,,
Betula pendula,https://www.itis.gov,,,,,,,,,,,,
Betula species,https://www.itis.gov,,,,,,,,,,,,
Bougainvillea glabra,https://www.itis.gov,,,,,,,,,,,,
Bougainvillea species,https://www.itis.gov,,,,,,,,,,,,
Brachychiton populneus,http://www.gbif.org/species/,Non-match in ITIS,,,Plantae,Tracheophyta,,,Magnoliopsida,,Malvales,Malvaceae,Brachychiton Schott & Endl.
Broussonetia papyrifera,https://www.itis.gov,,,,,,,,,,,,
Brugmansia species,https://www.itis.gov,,,,,,,,,,,,
Butia capitata,https://www.itis.gov,,,,,,,,,,,,
Callistemon citrinus,https://www.itis.gov,,,,,,,,,,,,
Callistemon viminalis,https://www.itis.gov,,,,,,,,,,,,
Calocedrus decurrens,https://www.itis.gov,,,,,,,,,,,,
Calodendrum capense,https://www.itis.gov,,,,,,,,,,,,
Calycanthus occidentalis,https://www.itis.gov,,,,,,,,,,,,
Camellia japonica,https://www.itis.gov,,,,,,,,,,,,
Carya illinoinensis,https://www.itis.gov,,,,,,,,,,,,
Casimiroa edulis,https://www.itis.gov,,,,,,,,,,,,
Cassia leptophylla,https://www.itis.gov,,,,,,,,,,,,
Casuarina cunninghamiana,https://www.itis.gov,,,,,,,,,,,,
Casuarina lepidophloia,https://www.itis.gov,,,Casuarina cristata,,,,,,,,,
Catalpa bignonioides,https://www.itis.gov,,,,,,,,,,,,
Ceanothus crassifolius,https://www.itis.gov,,,,,,,,,,,,
Ceanothus megacarpus,https://www.itis.gov,,,,,,,,,,,,
Ceanothus species,https://www.itis.gov,,,,,,,,,,,,
Ceanothus velutinus,https://www.itis.gov,,,,,,,,,,,,
Cedrus atlantica,http://www.gbif.org/species/,Non-match in ITIS,,,Plantae,Tracheophyta,,,Pinopsida,,Pinales,Pinaceae,Cedrus
Cedrus deodara,https://www.itis.gov,,,,,,,,,,,,
Celtis occidentalis,https://www.itis.gov,,,,,,,,,,,,
Celtis sinensis,https://www.itis.gov,,,,,,,,,,,,
Celtis species,https://www.itis.gov,,,,,,,,,,,,
Ceratonia siliqua,https://www.itis.gov,,,,,,,,,,,,
Cercidiphyllum japonicum,https://www.itis.gov,,,,,,,,,,,,
Cercis canadensis,https://www.itis.gov,,,,,,,,,,,,
Cercis canadensis v. texensis,https://www.itis.gov,,,,,,,,,,,,
Cestrum nocturnum,https://www.itis.gov,,,,,,,,,,,,
Chamaecyparis lawsoniana,https://www.itis.gov,,,,,,,,,,,,
Chamaerops humilis,https://www.itis.gov,,,,,,,,,,,,
Chionanthus retusus,http://www.gbif.org/species/,Non-match in ITIS,,,Plantae,Tracheophyta,,,Magnoliopsida,,Lamiales,Oleaceae,Chionanthus
Chitalpa tashkentensis,http://www.gbif.org/species/,Non-match in ITIS,,,Plantae,Tracheophyta,,,Magnoliopsida,,Lamiales,Bignoniaceae,Chitalpa
Chorisia speciosa,https://www.itis.gov,,,Ceiba speciosa,,,,,,,,,
Cinnamomum camphora,https://www.itis.gov,,,,,,,,,,,,
Citrus aurantifolia,https://www.itis.gov,,,Citrus X aurantiifolia,,,,,,,,,
Citrus limon,https://www.itis.gov,,,Citrus X limon,,,,,,,,,
Citrus sinensis,https://www.itis.gov,,,Citrus X sinensis,,,,,,,,,
Citrus species,https://www.itis.gov,,,,,,,,,,,,
Citrus x paradisi,https://www.itis.gov,,,,,,,,,,,,
Citrus x tangelo,https://www.itis.gov,,,,,,,,,,,,
Cladrastis kentukea,https://www.itis.gov,,,,,,,,,,,,
Cordyline australis,https://www.itis.gov,,,,,,,,,,,,
Cornus florida,https://www.itis.gov,,,,,,,,,,,,
Cotinus coggygria,https://www.itis.gov,,,,,,,,,,,,
Cotoneaster glaucophyllus,https://www.itis.gov,,,,,,,,,,,,
Cotoneaster lacteus,https://www.itis.gov,,,,,,,,,,,,
Cotoneaster species,https://www.itis.gov,,,,,,,,,,,,
Crataegus phaenopyrum,https://www.itis.gov,,,,,,,,,,,,
Cupaniopsis anacardioides,https://www.itis.gov,,,,,,,,,,,,
Cupressus arizonica,https://www.itis.gov,,,Callitropsis arizonica,,,,,,,,,
Cupressus macrocarpa,https://www.itis.gov,,,Callitropsis macrocarpa,,,,,,,,,
Cupressus sempervirens,https://www.itis.gov,,,,,,,,,,,,
Cupressus species,https://www.itis.gov,,,,,,,,,,,,
Cyathea cooperi,https://www.itis.gov,,,,,,,,,,,,
Cycas revoluta,https://www.itis.gov,,,,,,,,,,,,
Cytisus scoparius,https://www.itis.gov,,,,,,,,,,,,
Dicksonia antarctica,https://www.itis.gov,,,,,,,,,,,,
Diospyros kaki,https://www.itis.gov,,,,,,,,,,,,
Dodonaea viscosa,https://www.itis.gov,,,,,,,,,,,,
Duranta erecta,https://www.itis.gov,,,,,,,,,,,,
Elaeagnus angustifolia,https://www.itis.gov,,,,,,,,,,,,
Eriobotrya deflexa,http://www.gbif.org/species/,Non-match in ITIS,,,Plantae,Tracheophyta,,,Magnoliopsida,,Rosales,Rocaceae,Eriobotrya
Eriobotrya japonica,https://www.itis.gov,,,,,,,,,,,,
Eriobotrya species,https://www.itis.gov,,,,,,,,,,,,
Erythrina caffra,AUTHOR ???,LAURIE: Found this in BGIF,,,Plantae,Tracheophyta,,,Magnoliopsida,,Fabales,Fabaceae,Erythrina
Erythrina crista-galli,https://www.itis.gov,,,,,,,,,,,,
Eucalyptus camaldulensis,https://www.itis.gov,,,,,,,,,,,,
Eucalyptus cinerea,https://www.itis.gov,,,,,,,,,,,,
Eucalyptus citriodora,https://www.itis.gov,,,Corymbia citriodora,,,,,,,,,
Eucalyptus cladocalyx,https://www.itis.gov,,,,,,,,,,,,
Eucalyptus deglupta,https://www.itis.gov,,,,,,,,,,,,
Eucalyptus ficifolia,https://www.itis.gov,,,Corymbia ficifolia,,,,,,,,,
Eucalyptus globulus,https://www.itis.gov,,,,,,,,,,,,
Eucalyptus leucoxylon,https://www.itis.gov,,,,,,,,,,,,
Eucalyptus macrocarpa,https://www.itis.gov,,,,,,,,,,,,
Eucalyptus nicholii,https://www.itis.gov,,,,,,,,,,,,
Eucalyptus polyanthemos,https://www.itis.gov,,,,,,,,,,,,
Eucalyptus rudis,https://www.itis.gov,,,,,,,,,,,,
Eucalyptus sideroxylon,https://www.itis.gov,,,,,,,,,,,,
Eucalyptus species,https://www.itis.gov,,,,,,,,,,,,
Fagus grandifolia,https://www.itis.gov,,,,,,,,,,,,
Feijoa sellowiana,https://www.itis.gov,,,Acca sellowiana,,,,,,,,,
Ficus benjamina,https://www.itis.gov,,,,,,,,,,,,
Ficus carica,https://www.itis.gov,,,,,,,,,,,,
Ficus citrifolia,https://www.itis.gov,,,,,,,,,,,,
Ficus elastica,https://www.itis.gov,,,,,,,,,,,,
Ficus lyrata,https://www.itis.gov,,,,,,,,,,,,
Ficus microcarpa,https://www.itis.gov,,,,,,,,,,,,
Ficus microcarpa nitida,http://www.gbif.org/species/,Non-match in ITIS,,,Plantae,Tracheophyta,,,Magnoliopsida,,Rosales,Moraceae,Ficus
Ficus pumila,https://www.itis.gov,,,,,,,,,,,,
Ficus retusa ssp. nitida,http://www.gbif.org/species/,Non-match in ITIS. Desert Tropicals (http://www.desert-tropicals.com/Plants/Moraceae/Ficus_retusa.html) states that Ficus microcarpa var. nitida is a synonym,Ficus microcarpa var. nitida,,Plantae,Tracheophyta,,,Magnoliopsida,,Rosales,Moraceae,Ficus
Ficus species,https://www.itis.gov,,,,,,,,,,,,
Firmiana simplex,https://www.itis.gov,,,,,,,,,,,,
Fraxinus latifolia,https://www.itis.gov,,,,,,,,,,,,
Fraxinus oxycarpa,http://arctos.database.museum/name/Fraxinus%20oxycarpa,Non-match in ITIS,,,Plantae,Tracheophyta,,,Magnoliopsida,,Scrophulariales,Oleaceae,Fraxinus
Fraxinus pennsylvanica,https://www.itis.gov,,,,,,,,,,,,
Fraxinus species,https://www.itis.gov,,,,,,,,,,,,
Fraxinus uhdei,https://www.itis.gov,,,,,,,,,,,,
Fraxinus velutina,https://www.itis.gov,,,,,,,,,,,,
Geijera parviflora,http://www.gbif.org/species/,Non-match in ITIS,,,Plantae,Tracheophyta,,,Magnoliopsida,,Sapindales,Rutaceae,Geijera
Ginkgo biloba,https://www.itis.gov,,,,,,,,,,,,
Gleditsia triacanthos,https://www.itis.gov,,,,,,,,,,,,
Grevillea robusta,https://www.itis.gov,,,,,,,,,,,,
Hakea suaveolens,https://selectree.calpoly.edu/tree-detail/hakea-suaveolens,Non-match in ITIS,,,,,,,,,,Proteaceae,
Heteromeles arbutifolia,https://www.itis.gov,,,,,,,,,,,,
Hibiscus rosa-sinensis,https://www.itis.gov,,,,,,,,,,,,
Hibiscus syriacus,https://www.itis.gov,,,,,,,,,,,,
Howea forsteriana,https://www.itis.gov,,,,,,,,,,,,
Ilex aquifolium,https://www.itis.gov,,,,,,,,,,,,
Jacaranda mimosifolia,https://www.itis.gov,,,,,,,,,,,,
Jasminum species,https://www.itis.gov,,,,,,,,,,,,
Juglans californica,https://www.itis.gov,,,,,,,,,,,,
Juglans hindsii,https://www.itis.gov,,,,,,,,,,,,
Juglans nigra,https://www.itis.gov,,,,,,,,,,,,
Juglans regia,https://www.itis.gov,,,,,,,,,,,,
Juniperus californica,https://www.itis.gov,,,,,,,,,,,,
Juniperus chinensis,https://www.itis.gov,,,,,,,,,,,,
Juniperus chinensis 'Torulosa',https://selectree.calpoly.edu/tree-detail/juniperus-chinensis-torulosa,Non-match in ITIS,,,,,,,,,,Cupressaceae,
Juniperus communis,https://www.itis.gov,,,,,,,,,,,,
Juniperus occidentalis,https://www.itis.gov,,,,,,,,,,,,
Juniperus species,https://www.itis.gov,,,,,,,,,,,,
Koelreuteria bipinnata,https://www.itis.gov,,,,,,,,,,,,
Koelreuteria paniculata,https://www.itis.gov,,,,,,,,,,,,
Lagerstroemia indica,https://www.itis.gov,,,,,,,,,,,,
Larix kaempferi,https://www.itis.gov,,,,,,,,,,,,
Laurus nobilis,https://www.itis.gov,,,,,,,,,,,,
Leptospermum laevigatum,https://www.itis.gov,,,,,,,,,,,,
Ligustrum japonicum,https://www.itis.gov,,,,,,,,,,,,
Ligustrum lucidum,https://www.itis.gov,,,,,,,,,,,,
Ligustrum ovalifolium,https://www.itis.gov,,,,,,,,,,,,
Liquidambar orientalis,https://www.itis.gov,,,,,,,,,,,,
Liquidambar styraciflua,https://www.itis.gov,,,,,,,,,,,,
Liriodendron tulipifera,https://www.itis.gov,,,,,,,,,,,,
Lithocarpus densiflorus,https://www.itis.gov,,,,,,,,,,,,
Lycianthes rantonnei,http://www.gbif.org/species/,Non-match in ITIS,,,Plantae,,,,,,Solanales,Solanaceae,Lycianthes
Maclura pomifera,https://www.itis.gov,,,,,,,,,,,,
Magnolia denudata,https://www.itis.gov,,,,,,,,,,,,
Magnolia grandiflora,https://www.itis.gov,,,,,,,,,,,,
Magnolia soulangiana,https://www.itis.gov,,,Magnolia X soulangeana,,,,,,,,,
Magnolia x soulangiana,https://www.itis.gov,,,Magnolia X soulangeana,,,,,,,,,
Malosma laurina,https://www.itis.gov,,,,,,,,,,,,
Malus domestica,https://www.itis.gov,,,Malus pumila,,,,,,,,,
Malus floribunda,https://www.itis.gov,,,,,,,,,,,,
Malus fusca,https://www.itis.gov,,,,,,,,,,,,
Malus species,https://www.itis.gov,,,,,,,,,,,,
Malus sylvestris,http://www.gbif.org/species/,Not an acceptable name in ITIS,,,Plantae,Tracheophyta,,,Magnoliopsida,,Rosales,Rosaceae,Malus
Mangifera indica,https://www.itis.gov,,,,,,,,,,,,
Manihot species,https://www.itis.gov,,,,,,,,,,,,
Maytenus boaria,https://www.itis.gov,,,,,,,,,,,,
Melaleuca ericifolia,https://www.itis.gov,,,,,,,,,,,,
Melaleuca incana,https://www.itis.gov,,,,,,,,,,,,
Melaleuca linariifolia,https://www.itis.gov,,,,,,,,,,,,
Melaleuca nesophila,https://www.itis.gov,,,,,,,,,,,,
Melaleuca quinquenervia,https://www.itis.gov,,,,,,,,,,,,
Metasequoia glyptostroboides,https://www.itis.gov,,,,,,,,,,,,
Metrosideros excelsa,http://www.gbif.org/species/,Non-match in ITIS,,,Plantae,Tracheophyta,,,Magnoliopsida,,Myrtales,Myrtaceae,Metrosideros
Morus alba,https://www.itis.gov,,,,,,,,,,,,
Morus rubra,https://www.itis.gov,,,,,,,,,,,,
Musa species,https://www.itis.gov,,,,,,,,,,,,
Musa x paradisiaca,https://www.itis.gov,,,,,,,,,,,,
Myoporum laetum,https://www.itis.gov,,,,,,,,,,,,
Nerium oleander,https://www.itis.gov,,,,,,,,,,,,
Nicotiana glauca,https://www.itis.gov,,,,,,,,,,,,
Nyssa sylvatica,https://www.itis.gov,,,,,,,,,,,,
Olea europaea,https://www.itis.gov,,,,,,,,,,,,
Parkinsonia aculeata,https://www.itis.gov,,,,,,,,,,,,
Persea americana,https://www.itis.gov,,,,,,,,,,,,
Phoenix canariensis,https://www.itis.gov,,,,,,,,,,,,
Phoenix dactylifera,https://www.itis.gov,,,,,,,,,,,,
Phoenix dactylifera var. medjool,http://www.gbif.org/species/,"Non-match in ITIS. No taxonomy for this species, but Selectree puts Phoenix dactylifera into the Arecaceae family",Arecaceae,,,,,,,,,,
Phoenix roebelenii,https://www.itis.gov,,,,,,,,,,,,
Photinia species,https://www.itis.gov,,,,,,,,,,,,
Photinia x fraseri,https://www.itis.gov,,,,,,,,,,,,
Picea pungens,https://www.itis.gov,,,,,,,,,,,,
Pinus attenuata,https://www.itis.gov,,,,,,,,,,,,
Pinus banksiana,https://www.itis.gov,,,,,,,,,,,,
Pinus canariensis,https://www.itis.gov,,,,,,,,,,,,
Pinus halepensis,https://www.itis.gov,,,,,,,,,,,,
Pinus muricata,https://www.itis.gov,,,,,,,,,,,,
Pinus pinea,https://www.itis.gov,,,,,,,,,,,,
Pinus ponderosa,https://www.itis.gov,,,,,,,,,,,,
Pinus radiata,https://www.itis.gov,,,,,,,,,,,,
Pinus sabiniana,https://www.itis.gov,,,,,,,,,,,,
Pinus species,https://www.itis.gov,,,,,,,,,,,,
Pinus thunbergiana,https://www.itis.gov,,,Pinus thunbergii,,,,,,,,,
Pistacia chinensis,https://www.itis.gov,,,,,,,,,,,,
Pittosporum napaliense,https://www.itis.gov,,,,,,,,,,,,
Pittosporum species,https://www.itis.gov,,,,,,,,,,,,
Pittosporum tenuifolium,https://www.itis.gov,,,,,,,,,,,,
Pittosporum tobira,https://www.itis.gov,,,,,,,,,,,,
Pittosporum undulatum,https://www.itis.gov,,,,,,,,,,,,
Platanus acerifolia,https://www.itis.gov,,,,,,,,,,,,
Platanus hybrida,https://www.itis.gov,,,Platanus acerifolia,,,,,,,,,
Platanus occidentalis,https://www.itis.gov,,,,,,,,,,,,
Platanus racemosa,https://www.itis.gov,,,,,,,,,,,,
Platanus species,https://www.itis.gov,,,,,,,,,,,,
Platanus X acerifolia,https://www.itis.gov,,,Platanus acerifolia,,,,,,,,,
Platycladus orientalis,https://www.itis.gov,,,,,,,,,,,,
Plumbago capensis,https://www.itis.gov,,,Plumbago auriculata,,,,,,,,,
Podocarpus gracilior,http://www.gbif.org/species/,Non-match in ITIS,Afrocarpus gracilior,,Plantae,Tracheophyta,,,Pinopsida,,Pinales,Podocarpacese,Afrocarpus
Podocarpus macrophyllus,https://www.itis.gov,,,,,,,,,,,,
Podocarpus species,https://www.itis.gov,,,,,,,,,,,,
Populus deltoides ssp. monilifera,https://www.itis.gov,,,,,,,,,,,,
Populus fremontii,https://www.itis.gov,,,,,,,,,,,,
Populus species,https://www.itis.gov,,,,,,,,,,,,
Prunus americana,https://www.itis.gov,,,,,,,,,,,,
Prunus armeniaca,https://www.itis.gov,,,,,,,,,,,,
Prunus avium,https://www.itis.gov,,,,,,,,,,,,
Prunus blireiana,https://selectree.calpoly.edu/tree-detail/prunus-%C3%97-blireana,"Non-match in IT IS. This is a misspelling, should be Prunus x blireana",,,,,,,,,,Rosaceae,
Prunus campanulata,http://www.gbif.org/species/,Non-match in ITIS,,,Plantae,Tracheophyta,,,,,Rosales,Rosaceae,Prunus
Prunus caroliniana,https://www.itis.gov,,,,,,,,,,,,
Prunus cerasifera,https://www.itis.gov,,,,,,,,,,,,
Prunus cerasifera atropurpurea,http://www.gbif.org/species/,Non-match in ITIS,Prunus cerasifera f. atropurpurea,,Viridiplantae,Streptophyta,,,,,Rosales,Rosaceae,Prunus
Prunus cerasus,https://www.itis.gov,,,,,,,,,,,,
Prunus domestica,https://www.itis.gov,,,,,,,,,,,,
Prunus dulcis,https://www.itis.gov,,,,,,,,,,,,
Prunus ilicifolia lyonii,AUTHOR ???,LAURIE: Found this in BGIF,Prunus ilicifolia subsp. lyonii (Eastw.) P.H.Raven ,,Plantae,Tracheophyta,,,Magnoliopsida,,Rosales,Rosaceae,Prunus
Prunus ilicifolia ssp. lyonii,AUTHOR ???,LAURIE: Found this in BGIF,Prunus ilicifolia subsp. lyonii (Eastw.) P.H.Raven ,,Plantae,Tracheophyta,,,Magnoliopsida,,Rosales,Rosaceae,Prunus
Prunus japonica,https://www.itis.gov,,,,,,,,,,,,
Prunus laurocerasus,https://www.itis.gov,,,,,,,,,,,,
Prunus persica,https://www.itis.gov,,,,,,,,,,,,
Prunus persica v nucipersica,http://www.gbif.org/species/,Non-match in ITIS,Prunus persica var. nucipersica,,Plantae,Magnoliophyta,,,Magnoliopsida,,Rosales,Rosaceae,Prunus
Prunus serrulata,https://www.itis.gov,,,,,,,,,,,,
Prunus species,https://www.itis.gov,,,,,,,,,,,,
Pseudotsuga menziesii,https://www.itis.gov,,,,,,,,,,,,
Psidium cattleianum,https://www.itis.gov,,,,,,,,,,,,
Psidium guajava,https://www.itis.gov,,,,,,,,,,,,
Punica granatum,https://www.itis.gov,,,,,,,,,,,,
Pyracantha coccinea,https://www.itis.gov,,,,,,,,,,,,
Pyracantha fortuneana,https://www.itis.gov,,,,,,,,,,,,
Pyracantha species,https://www.itis.gov,,,,,,,,,,,,
Pyrus calleryana,https://www.itis.gov,,,,,,,,,,,,
Pyrus communis,https://www.itis.gov,,,,,,,,,,,,
Pyrus kawakamii,https://www.itis.gov,,,Pyrus calleryana,,,,,,,,,
Pyrus pyrifolia,https://www.itis.gov,,,,,,,,,,,,
Quercus agrifolia,https://www.itis.gov,,,,,,,,,,,,
Quercus berberidifolia,https://www.itis.gov,,,,,,,,,,,,
Quercus chrysolepis,https://www.itis.gov,,,,,,,,,,,,
Quercus coccinea,https://www.itis.gov,,,,,,,,,,,,
Quercus douglasii,https://www.itis.gov,,,,,,,,,,,,
Quercus emoryi,https://www.itis.gov,,,,,,,,,,,,
Quercus ilex,https://www.itis.gov,,,,,,,,,,,,
Quercus ilicifolia,https://www.itis.gov,,,,,,,,,,,,
Quercus lobata,https://www.itis.gov,,,,,,,,,,,,
Quercus palustris,https://www.itis.gov,,,,,,,,,,,,
Quercus rubra,https://www.itis.gov,,,,,,,,,,,,
Quercus species,https://www.itis.gov,,,,,,,,,,,,
Quercus suber,https://www.itis.gov,,,,,,,,,,,,
Quercus virginiana,https://www.itis.gov,,,,,,,,,,,,
Quercus wislizeni,https://www.itis.gov,,,,,,,,,,,,
Rhamnus ilicifolia,https://www.itis.gov,,,,,,,,,,,,
Rhus lancea,https://www.itis.gov,,,Searsia lancea,,,,,,,,,
Rhus ovata,https://www.itis.gov,,,,,,,,,,,,
Ricinus communis,https://www.itis.gov,,,,,,,,,,,,
Robinia ambigua idahoensis,http://zipcodezoo.com/index.php/Robinia_x_ambigua_'Idahoensis',Non-match in ITIS,,,Plantae,,Euphyllophytina,Magnoliidae,,Rosanae,Fabales,Leguminosae,Robinia
Robinia pseudoacacia,https://www.itis.gov,,,,,,,,,,,,
Salix nigra,https://www.itis.gov,,,,,,,,,,,,
Salix species,https://www.itis.gov,,,,,,,,,,,,
Sambucus mexicana,AUTHOR ???,LAURIE: Found this in BGIF,,,Plantae,Tracheophyta,,,Magnoliopsida,,Dipsacales,Adoxaceae,Sambucus
Sambucus nigra,https://www.itis.gov,,,,,,,,,,,,
Schefflera,https://www.itis.gov,,,,,,,,,,,,
Schefflera actinophylla,https://www.itis.gov,,,,,,,,,,,,
Schefflera arboricola,https://www.itis.gov,,,,,,,,,,,,
Schinus molle,https://www.itis.gov,,,,,,,,,,,,
Schinus terebinthifolius,https://www.itis.gov,,,,,,,,,,,,
Senna didymobotrya,https://www.itis.gov,,,,,,,,,,,,
Sequoia sempervirens,https://www.itis.gov,,,,,,,,,,,,
Strelitzia alba,http://www.gbif.org/species/,Non-match in ITIS,,,Plantae,Tracheophyta,,,Liliopsida,,Zingiberales,Streliziaceae,Strelitzia
Strelitzia nicolai,https://www.itis.gov,,,,,,,,,,,,
Syagrus romanzoffiana,https://www.itis.gov,,,,,,,,,,,,
Syzygium australe,http://www.gbif.org/species/,Non-match in ITIS,,,Plantae,Tracheophyta,,,Magnoliopsida,,Myrtales,Myrtaceae,Syzygium
Syzygium grande,https://www.itis.gov,,,,,,,,,,,,
Syzygium paniculatum,https://www.itis.gov,,,,,,,,,,,,
Tabebuia chrysotricha,http://www.gbif.org/species/,Non-match in ITIS. According to GBIF this is a synonym for Handroanthus chrysotrichus.,Handroanthus chrysotrichus,,Plantae,Tracheophyta,,,Magnoliopsida,,Lamiales,Bignoniaceae,Handroanthus
Tecoma capensis,https://www.itis.gov,,,,,,,,,,,,
Thevetia peruviana,https://www.itis.gov,,,,,,,,,,,,
Thuja plicata,https://www.itis.gov,,,,,,,,,,,,
Tibouchina urvilleana,https://www.itis.gov,,,,,,,,,,,,
Tilia americana,https://www.itis.gov,,,,,,,,,,,,
Tipuana tipu,https://www.itis.gov,,,,,,,,,,,,
Trachycarpus fortunei,https://www.itis.gov,,,,,,,,,,,,
Triadica sebifera,https://www.itis.gov,,,,,,,,,,,,
Tristania conferta,https://www.itis.gov,,,Lophostemon confertus,,,,,,,,,
Tristaniopsis conferta,http://www.gbif.org/species/,Non-match in ITIS. According to GBIF this is a synonym for Lophostmon confertus.,Lophostmon confertus,,Plantae,Tracheophyta,,,Magnoliopsida,,Myrtales,Myrtaceae,Lophostemon
Tsuga caroliniana,https://www.itis.gov,,,,,,,,,,,,
Tupidanthus calyptratus,http://www.gbif.org/species/,Non-match in ITIS. According to GBIF this is a synonym for Schefflera pueckleri (K.Koch) Frodin.,Schefflera pueckleri (K.Koch) Frodin,,Plantae,Tracheophyta,,,Magnoliopsida,,Apiales,Araliaceae,Schefflera
Ulmus americana,https://www.itis.gov,,,,,,,,,,,,
Ulmus parvifolia,https://www.itis.gov,,,,,,,,,,,,
Ulmus pumila,https://www.itis.gov,,,,,,,,,,,,
Ulmus species,https://www.itis.gov,,,,,,,,,,,,
Umbellularia californica,https://www.itis.gov,,,,,,,,,,,,
Vitex agnus-castus,https://www.itis.gov,,,,,,,,,,,,
Washingtonia filifera,https://www.itis.gov,,,,,,,,,,,,
Washingtonia robusta,https://www.itis.gov,,,,,,,,,,,,
x Cupressocyparis leylandii,https://www.itis.gov,,,Cuprocyparis leylandii,,,,,,,,,
Xylosma congestum,http://www.gbif.org/species/,Non-match in ITIS,,,Plantae,Tracheophyta,,,Magnoliopsida,,Malpighiales,Salicaceae,Xylosma
Yucca aloifolia,https://www.itis.gov,,,,,,,,,,,,
Yucca faxoniana,https://www.itis.gov,,,,,,,,,,,,
Yucca gloriosa,https://www.itis.gov,,,,,,,,,,,,
Yucca guatemalensis,AUTHOR ???,Non-match in ITIS. According to GBIF this is a synonym for Yucca gigantea.,Yucca gigantea,,Plantae,Tracheophyta,,,Liliopsida,,Asparagales,Asparagaceae,Yucca
Zelkova serrata,https://www.itis.gov,,,,,,,,,,,,
