city,cz,plot_id,land_use,plot_area_ha,perc_canopy,canopy_area_ha
LA,SoCalC,1,Residential - Multi Family,0.0404686,0,0
LA,SoCalC,2,Open Space,0.0404686,0,0
LA,SoCalC,3,Residential - Single Family,0.0404686,0.07,0.002833
LA,SoCalC,4,Commercial/Industrial/Institutional,0.0404686,0,0
LA,SoCalC,5,Residential - Multi Family,0.0404686,0,0
LA,SoCalC,6,Transportation,0.0404686,0,0
LA,SoCalC,7,Commercial/Industrial/Institutional,0.0404686,0,0
LA,SoCalC,8,Open Space,0.0404686,0,0
LA,SoCalC,9,Residential - Multi Family,0.0404686,0.15,0.00607
LA,SoCalC,10,Residential - Single Family,0.0404686,0.25,0.010117
LA,SoCalC,11,Residential - Multi Family,0.0404686,0.05,0.002023
LA,SoCalC,12,Residential - Multi Family,0.0404686,0.15,0.00607
LA,SoCalC,13,Transportation,0.0404686,0,0
LA,SoCalC,14,Residential - Single Family,0.0404686,0,0
LA,SoCalC,15,Residential - Single Family,0.0404686,0.25,0.010117
LA,SoCalC,16,Residential - Single Family,0.0404686,0.15,0.00607
LA,SoCalC,17,Residential - Multi Family,0.0404686,0,0
LA,SoCalC,18,Residential - Single Family,0.0404686,0.8,0.032375
LA,SoCalC,19,Open Space,0.0404686,0,0
LA,SoCalC,20,Transportation,0.0404686,0,0
LA,SoCalC,21,Commercial/Industrial/Institutional,0.0404686,0.15,0.00607
LA,SoCalC,22,Residential - Single Family,0.0404686,0.05,0.002023
LA,SoCalC,23,Residential - Multi Family,0.0404686,0.15,0.00607
LA,SoCalC,24,Water/Other,0.0404686,0,0
LA,SoCalC,25,Transportation,0.0404686,0,0
LA,SoCalC,26,Residential - Single Family,0.0404686,0.1,0.004047
LA,SoCalC,27,Commercial/Industrial/Institutional,0.0404686,0,0
LA,SoCalC,28,Residential - Single Family,0.0404686,0.1,0.004047
LA,SoCalC,29,Residential - Single Family,0.0404686,0.05,0.002023
LA,SoCalC,30,Residential - Multi Family,0.0404686,0.15,0.00607
LA,SoCalC,31,Residential - Single Family,0.0404686,0.05,0.002023
LA,SoCalC,32,Commercial/Industrial/Institutional,0.0404686,0.3,0.012141
LA,SoCalC,33,Residential - Single Family,0.0404686,0.35,0.014164
LA,SoCalC,34,Residential - Single Family,0.0404686,0.2,0.008094
LA,SoCalC,35,Residential - Single Family,0.0404686,0.45,0.018211
LA,SoCalC,36,Residential - Single Family,0.0404686,0.1,0.004047
LA,SoCalC,37,Residential - Single Family,0.0404686,0.1,0.004047
LA,SoCalC,38,Residential - Single Family,0.0404686,0.15,0.00607
LA,SoCalC,39,Commercial/Industrial/Institutional,0.0404686,0,0
LA,SoCalC,40,Residential - Multi Family,0.0404686,0.25,0.010117
LA,SoCalC,41,Residential - Single Family,0.0404686,0,0
LA,SoCalC,42,Residential - Single Family,0.0404686,0.2,0.008094
LA,SoCalC,43,Commercial/Industrial/Institutional,0.0404686,0.15,0.00607
LA,SoCalC,44,Commercial/Industrial/Institutional,0.0404686,0,0
LA,SoCalC,45,Commercial/Industrial/Institutional,0.0404686,0,0
LA,SoCalC,46,Transportation,0.0404686,0,0
LA,SoCalC,47,Residential - Single Family,0.0404686,0.3,0.012141
LA,SoCalC,48,Residential - Single Family,0.0404686,0.2,0.008094
LA,SoCalC,49,Residential - Multi Family,0.0404686,0.1,0.004047
LA,SoCalC,50,Residential - Single Family,0.0404686,0.35,0.014164
LA,SoCalC,51,Residential - Single Family,0.0404686,0.05,0.002023
LA,SoCalC,52,Residential - Single Family,0.0404686,0.05,0.002023
LA,SoCalC,53,Commercial/Industrial/Institutional,0.0404686,0,0
LA,SoCalC,54,Commercial/Industrial/Institutional,0.0404686,0,0
LA,SoCalC,55,Commercial/Industrial/Institutional,0.0404686,0.05,0.002023
LA,SoCalC,56,Residential - Single Family,0.0404686,0.01,0.000405
LA,SoCalC,57,Open Space,0.0404686,0,0
LA,SoCalC,58,Commercial/Industrial/Institutional,0.0404686,0.1,0.004047
LA,SoCalC,59,Residential - Single Family,0.0404686,0.3,0.012141
LA,SoCalC,61,Residential - Single Family,0.0404686,0.35,0.014164
LA,SoCalC,62,Commercial/Industrial/Institutional,0.0404686,0,0
LA,SoCalC,63,Commercial/Industrial/Institutional,0.0404686,0.7,0.028328
LA,SoCalC,64,Transportation,0.0404686,0,0
LA,SoCalC,65,Residential - Single Family,0.0404686,0.2,0.008094
LA,SoCalC,66,Commercial/Industrial/Institutional,0.0404686,0.05,0.002023
LA,InlEmp,67,Residential - Multi Family,0.0404686,0.15,0.00607
LA,InlEmp,68,Residential - Single Family,0.0404686,0.3,0.012141
LA,SoCalC,69,Residential - Single Family,0.0404686,0.25,0.010117
LA,SoCalC,70,Open Space,0.0404686,0,0
LA,SoCalC,72,Residential - Single Family,0.0404686,0.25,0.010117
LA,SoCalC,73,Commercial/Industrial/Institutional,0.0404686,0.3,0.012141
LA,SoCalC,74,Commercial/Industrial/Institutional,0.0404686,0.1,0.004047
LA,SoCalC,75,Commercial/Industrial/Institutional,0.0404686,0.01,0.000405
LA,SoCalC,76,Commercial/Industrial/Institutional,0.0404686,0,0
LA,SoCalC,77,Residential - Single Family,0.0404686,0.01,0.000405
LA,SoCalC,78,Residential - Multi Family,0.0404686,0,0
LA,InlEmp,79,Residential - Single Family,0.0404686,0.1,0.004047
LA,InlEmp,80,Residential - Single Family,0.0404686,0.05,0.002023
LA,InlEmp,81,Residential - Single Family,0.0404686,0,0
LA,SoCalC,84,Open Space,0.0404686,1,0.040469
LA,SoCalC,85,Residential - Single Family,0.0404686,0,0
LA,SoCalC,86,Residential - Single Family,0.0404686,0.25,0.010117
LA,SoCalC,87,Residential - Single Family,0.0404686,0.15,0.00607
LA,SoCalC,88,Open Space,0.0404686,0,0
LA,SoCalC,89,Residential - Single Family,0.0404686,0.01,0.000405
LA,InlEmp,92,Residential - Single Family,0.0404686,0.5,0.020234
LA,InlEmp,93,Residential - Single Family,0.0404686,0.05,0.002023
LA,SoCalC,95,Open Space,0.0404686,0,0
LA,SoCalC,98,Open Space,0.0404686,0,0
LA,SoCalC,99,Residential - Single Family,0.0404686,0,0
LA,SoCalC,100,Residential - Single Family,0.0404686,0.2,0.008094
LA,SoCalC,101,Open Space,0.0404686,0,0
LA,SoCalC,109,Open Space,0.0404686,0,0
LA,SoCalC,110,Transportation,0.0404686,0,0
LA,SoCalC,111,Residential - Single Family,0.0404686,0,0
LA,InlEmp,112,Residential - Single Family,0.0404686,0.15,0.00607
LA,InlEmp,113,Open Space,0.0404686,0,0
LA,InlEmp,114,Residential - Single Family,0.0404686,0.4,0.016187
LA,InlEmp,115,Commercial/Industrial/Institutional,0.0404686,0,0
LA,SoCalC,116,Residential - Single Family,0.0404686,0.15,0.00607
LA,SoCalC,117,Open Space,0.0404686,0,0
LA,SoCalC,118,Residential - Single Family,0.0404686,0.5,0.020234
LA,SoCalC,119,Residential - Single Family,0.0404686,0.45,0.018211
LA,SoCalC,120,Residential - Single Family,0.0404686,0.5,0.020234
LA,InlEmp,121,Residential - Single Family,0.0404686,0.15,0.00607
LA,InlEmp,122,Residential - Single Family,0.0404686,0.25,0.010117
LA,InlEmp,123,Commercial/Industrial/Institutional,0.0404686,0.01,0.000405
LA,InlEmp,124,Residential - Single Family,0.0404686,0.15,0.00607
LA,SoCalC,125,Residential - Single Family,0.0404686,0.4,0.016187
LA,InlEmp,126,Residential - Single Family,0.0404686,0.25,0.010117
LA,InlEmp,127,Open Space,0.0404686,0,0
LA,SoCalC,128,Residential - Single Family,0.0404686,0.1,0.004047
LA,InlEmp,129,Water/Other,0.0404686,0,0
LA,InlEmp,130,Residential - Single Family,0.0404686,0.2,0.008094
LA,InlEmp,131,Residential - Single Family,0.0404686,0.25,0.010117
LA,InlEmp,132,Residential - Multi Family,0.0404686,0,0
LA,InlEmp,133,Residential - Single Family,0.0404686,0.01,0.000405
LA,InlEmp,134,Residential - Single Family,0.0404686,0.25,0.010117
LA,InlEmp,135,Residential - Multi Family,0.0404686,0.4,0.016187
LA,InlEmp,136,Residential - Single Family,0.0404686,0.4,0.016187
LA,InlEmp,137,Residential - Multi Family,0.0404686,0.15,0.00607
LA,InlEmp,138,Open Space,0.0404686,0,0
LA,InlEmp,139,Transportation,0.0404686,0,0
LA,InlEmp,140,Commercial/Industrial/Institutional,0.0404686,0.15,0.00607
LA,InlEmp,141,Commercial/Industrial/Institutional,0.0404686,0.5,0.020234
LA,InlEmp,142,Commercial/Industrial/Institutional,0.0404686,0,0
LA,InlEmp,143,Residential - Single Family,0.0404686,0.03,0.001214
LA,InlEmp,144,Open Space,0.0404686,0,0
LA,InlEmp,147,Commercial/Industrial/Institutional,0.0404686,0.1,0.004047
LA,InlEmp,148,Residential - Single Family,0.0404686,0.3,0.012141
LA,InlEmp,149,Residential - Multi Family,0.0404686,0.1,0.004047
LA,InlEmp,150,Residential - Single Family,0.0404686,0.25,0.010117
LA,InlEmp,151,Commercial/Industrial/Institutional,0.0404686,0.01,0.000405
LA,InlEmp,152,Commercial/Industrial/Institutional,0.0404686,0,0
LA,InlEmp,153,Commercial/Industrial/Institutional,0.0404686,0.2,0.008094
LA,InlEmp,154,Commercial/Industrial/Institutional,0.0404686,0.3,0.012141
LA,InlEmp,155,Residential - Single Family,0.0404686,0.01,0.000405
LA,InlEmp,156,Open Space,0.0404686,0,0
LA,InlEmp,157,Residential - Single Family,0.0404686,0.3,0.012141
LA,InlEmp,159,Open Space,0.0404686,0,0
LA,InlEmp,160,Transportation,0.0404686,0,0
LA,InlEmp,163,Residential - Single Family,0.0404686,0.1,0.004047
LA,InlEmp,164,Residential - Single Family,0.0404686,0.05,0.002023
LA,InlEmp,165,Residential - Single Family,0.0404686,0,0
LA,InlEmp,166,Residential - Single Family,0.0404686,0.15,0.00607
LA,InlEmp,167,Residential - Single Family,0.0404686,0.05,0.002023
LA,InlEmp,168,Residential - Single Family,0.0404686,0.1,0.004047
LA,InlEmp,169,Residential - Single Family,0.0404686,0.8,0.032375
LA,InlEmp,171,Residential - Single Family,0.0404686,0.2,0.008094
LA,InlEmp,172,Residential - Single Family,0.0404686,0.7,0.028328
LA,InlEmp,175,Open Space,0.0404686,0,0
LA,InlEmp,177,Residential - Single Family,0.0404686,0.25,0.010117
LA,InlEmp,178,Residential - Single Family,0.0404686,0.05,0.002023
LA,InlEmp,179,Commercial/Industrial/Institutional,0.0404686,0,0
LA,InlEmp,180,Residential - Single Family,0.0404686,0.15,0.00607
LA,InlEmp,181,Commercial/Industrial/Institutional,0.0404686,0.3,0.012141
LA,InlEmp,182,Residential - Single Family,0.0404686,0.2,0.008094
LA,InlEmp,183,Residential - Single Family,0.0404686,0.2,0.008094
LA,InlEmp,184,Commercial/Industrial/Institutional,0.0404686,0,0
LA,InlEmp,185,Residential - Single Family,0.0404686,0.4,0.016187
LA,InlEmp,186,Transportation,0.0404686,0.05,0.002023
LA,InlEmp,190,Open Space,0.0404686,0,0
LA,InlEmp,191,Commercial/Industrial/Institutional,0.0404686,0,0
LA,InlEmp,192,Residential - Single Family,0.0404686,0,0
LA,InlEmp,193,Residential - Single Family,0.0404686,0.2,0.008094
LA,InlEmp,194,Residential - Single Family,0.0404686,0.15,0.00607
LA,InlEmp,195,Residential - Single Family,0.0404686,0,0
LA,InlEmp,196,Open Space,0.0404686,0.15,0.00607
LA,InlEmp,197,Residential - Single Family,0.0404686,0,0
LA,InlEmp,198,Residential - Single Family,0.0404686,0.2,0.008094
LA,InlEmp,199,Residential - Single Family,0.0404686,0.05,0.002023
LA,InlEmp,200,Residential - Single Family,0.0404686,0,0
LA,InlEmp,201,Residential - Single Family,0.0404686,0.3,0.012141
LA,InlEmp,202,Open Space,0.0404686,0.4,0.016187
LA,InlEmp,203,Commercial/Industrial/Institutional,0.0404686,0,0
LA,InlEmp,204,Residential - Single Family,0.0404686,0.1,0.004047
LA,InlEmp,205,Residential - Single Family,0.0404686,0.05,0.002023
LA,InlEmp,207,Transportation,0.0404686,0,0
LA,InlEmp,208,Open Space,0.0404686,0,0
LA,SoCalC,209,Open Space,0.0404686,0,0
LA,SoCalC,210,Open Space,0.0404686,0,0
LA,SoCalC,211,Open Space,0.0404686,0,0
LA,SoCalC,212,Commercial/Industrial/Institutional,0.0404686,0,0
LA,SoCalC,213,Commercial/Industrial/Institutional,0.0404686,0,0
LA,SoCalC,214,Residential - Multi Family,0.0404686,0,0
LA,SoCalC,215,Residential - Single Family,0.0404686,0.05,0.002023
LA,SoCalC,216,Commercial/Industrial/Institutional,0.0404686,0.1,0.004047
LA,SoCalC,217,Commercial/Industrial/Institutional,0.0404686,0.2,0.008094
LA,SoCalC,218,Residential - Single Family,0.0404686,0.05,0.002023
LA,SoCalC,219,Residential - Single Family,0.0404686,0.1,0.004047
LA,SoCalC,220,Open Space,0.0404686,0.05,0.002023
LA,SoCalC,221,Commercial/Industrial/Institutional,0.0404686,0.25,0.010117
LA,SoCalC,222,Transportation,0.0404686,0,0
LA,SoCalC,223,Transportation,0.0404686,0,0
LA,SoCalC,224,Residential - Single Family,0.0404686,0.15,0.00607
LA,SoCalC,225,Residential - Single Family,0.0404686,0.15,0.00607
LA,SoCalC,226,Commercial/Industrial/Institutional,0.0404686,0,0
LA,SoCalC,227,Residential - Single Family,0.0404686,0.15,0.00607
LA,SoCalC,228,Residential - Single Family,0.0404686,0.5,0.020234
LA,SoCalC,229,Residential - Single Family,0.0404686,0.35,0.014164
LA,SoCalC,230,Commercial/Industrial/Institutional,0.0404686,0,0
LA,SoCalC,231,Residential - Single Family,0.0404686,0.4,0.016187
LA,SoCalC,232,Residential - Single Family,0.0404686,0,0
LA,SoCalC,233,Residential - Multi Family,0.0404686,0.05,0.002023
LA,SoCalC,234,Commercial/Industrial/Institutional,0.0404686,0.2,0.008094
LA,SoCalC,235,Transportation,0.0404686,0,0
LA,SoCalC,236,Residential - Single Family,0.0404686,0.65,0.026305
LA,SoCalC,237,Transportation,0.0404686,0,0
LA,SoCalC,238,Residential - Single Family,0.0404686,0.45,0.018211
LA,SoCalC,239,Commercial/Industrial/Institutional,0.0404686,0,0
LA,SoCalC,240,Residential - Single Family,0.0404686,0.35,0.014164
LA,SoCalC,242,Residential - Single Family,0.0404686,0.25,0.010117
LA,SoCalC,243,Transportation,0.0404686,0,0
LA,SoCalC,244,Residential - Multi Family,0.0404686,0,0
LA,SoCalC,245,Commercial/Industrial/Institutional,0.0404686,0.05,0.002023
LA,SoCalC,246,Transportation,0.0404686,0,0
LA,SoCalC,247,Commercial/Industrial/Institutional,0.0404686,0,0
LA,SoCalC,248,Residential - Single Family,0.0404686,0.1,0.004047
LA,SoCalC,249,Residential - Single Family,0.0404686,0.5,0.020234
LA,SoCalC,250,Transportation,0.0404686,0.4,0.016187
LA,SoCalC,251,Residential - Single Family,0.0404686,0.25,0.010117
LA,SoCalC,252,Residential - Single Family,0.0404686,0.2,0.008094
LA,SoCalC,254,Commercial/Industrial/Institutional,0.0404686,0,0
LA,SoCalC,255,Commercial/Industrial/Institutional,0.0404686,0,0
LA,SoCalC,256,Commercial/Industrial/Institutional,0.0404686,0,0
LA,InlEmp,257,Residential - Single Family,0.0404686,0,0
LA,SoCalC,258,Open Space,0.0404686,0.15,0.00607
LA,SoCalC,259,Residential - Single Family,0.0404686,0.35,0.014164
LA,SoCalC,260,Residential - Single Family,0.0404686,0.5,0.020234
LA,SoCalC,261,Residential - Multi Family,0.0404686,0.1,0.004047
LA,SoCalC,262,Residential - Single Family,0.0404686,0.25,0.010117
LA,SoCalC,263,Commercial/Industrial/Institutional,0.0404686,0.1,0.004047
LA,SoCalC,264,Residential - Single Family,0.0404686,0.15,0.00607
LA,SoCalC,265,Open Space,0.0404686,0.25,0.010117
LA,SoCalC,266,Residential - Single Family,0.0404686,0.15,0.00607
LA,SoCalC,267,Transportation,0.0404686,0,0
LA,SoCalC,268,Residential - Single Family,0.0404686,0.75,0.030351
LA,InlEmp,269,Commercial/Industrial/Institutional,0.0404686,0.1,0.004047
LA,SoCalC,270,Residential - Single Family,0.0404686,0,0
LA,SoCalC,273,Residential - Single Family,0.0404686,0.25,0.010117
LA,SoCalC,274,Residential - Single Family,0.0404686,0.25,0.010117
LA,SoCalC,275,Residential - Single Family,0.0404686,0.3,0.012141
LA,SoCalC,276,Residential - Single Family,0.0404686,0.15,0.00607
LA,SoCalC,277,Residential - Single Family,0.0404686,0.7,0.028328
LA,SoCalC,278,Residential - Single Family,0.0404686,0.4,0.016187
LA,InlEmp,280,Commercial/Industrial/Institutional,0.0404686,0,0
LA,InlEmp,281,Residential - Single Family,0.0404686,0.1,0.004047
LA,InlEmp,282,Commercial/Industrial/Institutional,0.0404686,0,0
LA,SoCalC,284,Residential - Single Family,0.0404686,0.15,0.00607
LA,SoCalC,287,Open Space,0.0404686,0.3,0.012141
LA,SoCalC,289,Residential - Single Family,0.0404686,0.05,0.002023
LA,SoCalC,290,Residential - Single Family,0.0404686,0.1,0.004047
LA,InlEmp,291,Transportation,0.0404686,0,0
LA,InlEmp,292,Residential - Single Family,0.0404686,0.25,0.010117
LA,SoCalC,296,Open Space,0.0404686,0.1,0.004047
LA,SoCalC,297,Residential - Single Family,0.0404686,0.5,0.020234
LA,SoCalC,298,Residential - Single Family,0.0404686,0.8,0.032375
LA,InlEmp,299,Residential - Single Family,0.0404686,0.7,0.028328
LA,InlEmp,300,Residential - Single Family,0.0404686,0.15,0.00607
LA,InlEmp,301,Commercial/Industrial/Institutional,0.0404686,0,0
LA,SoCalC,302,Open Space,0.0404686,0.15,0.00607
LA,SoCalC,303,Open Space,0.0404686,0.05,0.002023
LA,SoCalC,304,Commercial/Industrial/Institutional,0.0404686,0,0
LA,SoCalC,305,Residential - Single Family,0.0404686,0.7,0.028328
LA,InlEmp,306,Residential - Single Family,0.0404686,0.05,0.002023
LA,InlEmp,308,Open Space,0.0404686,0,0
LA,InlEmp,309,Residential - Single Family,0.0404686,0.25,0.010117
LA,InlEmp,310,Residential - Single Family,0.0404686,0.1,0.004047
LA,InlEmp,313,Residential - Multi Family,0.0404686,0.2,0.008094
LA,InlEmp,314,Transportation,0.0404686,0,0
LA,InlEmp,315,Commercial/Industrial/Institutional,0.0404686,0.1,0.004047
LA,InlEmp,317,Residential - Single Family,0.0404686,0.05,0.002023
LA,InlEmp,318,Residential - Single Family,0.0404686,0.5,0.020234
LA,InlEmp,319,Residential - Single Family,0.0404686,0,0
LA,InlEmp,320,Open Space,0.0404686,0.1,0.004047
LA,InlEmp,321,Residential - Single Family,0.0404686,0.05,0.002023
LA,InlEmp,322,Residential - Single Family,0.0404686,0.05,0.002023
LA,InlEmp,323,Residential - Single Family,0.0404686,0.25,0.010117
LA,InlEmp,324,Residential - Single Family,0.0404686,0.3,0.012141
LA,InlEmp,325,Residential - Single Family,0.0404686,0.15,0.00607
LA,InlEmp,326,Open Space,0.0404686,0.25,0.010117
LA,InlEmp,328,Open Space,0.0404686,0.15,0.00607
LA,InlEmp,329,Open Space,0.0404686,0.85,0.034398
LA,InlEmp,330,Residential - Single Family,0.0404686,0.15,0.00607
LA,InlEmp,331,Commercial/Industrial/Institutional,0.0404686,0,0
LA,InlEmp,332,Residential - Single Family,0.0404686,0.25,0.010117
LA,InlEmp,333,Open Space,0.0404686,0,0
LA,InlEmp,334,Residential - Single Family,0.0404686,0.35,0.014164
LA,InlEmp,335,Commercial/Industrial/Institutional,0.0404686,0,0
LA,InlEmp,336,Residential - Multi Family,0.0404686,0.05,0.002023
LA,InlEmp,337,Water/Other,0.0404686,0,0
LA,InlEmp,338,Commercial/Industrial/Institutional,0.0404686,0,0
LA,InlEmp,339,Residential - Single Family,0.0404686,0.25,0.010117
LA,InlEmp,340,Open Space,0.0404686,0.05,0.002023
LA,InlEmp,341,Residential - Single Family,0.0404686,0,0
LA,InlEmp,344,Residential - Single Family,0.0404686,0.25,0.010117
LA,InlEmp,345,Commercial/Industrial/Institutional,0.0404686,0,0
LA,InlEmp,346,Commercial/Industrial/Institutional,0.0404686,0.05,0.002023
LA,InlEmp,347,Commercial/Industrial/Institutional,0.0404686,0.4,0.016187
LA,InlEmp,348,Commercial/Industrial/Institutional,0.0404686,0,0
LA,InlEmp,349,Residential - Single Family,0.0404686,0.15,0.00607
LA,InlEmp,350,Residential - Single Family,0.0404686,0,0
LA,InlEmp,351,Transportation,0.0404686,0,0
LA,InlEmp,352,Open Space,0.0404686,0,0
LA,InlEmp,353,Commercial/Industrial/Institutional,0.0404686,0,0
LA,InlEmp,355,Commercial/Industrial/Institutional,0.0404686,0,0
LA,InlEmp,356,Commercial/Industrial/Institutional,0.0404686,0.1,0.004047
LA,InlEmp,357,Residential - Single Family,0.0404686,0.15,0.00607
LA,InlEmp,358,Residential - Single Family,0.0404686,0.48,0.019425
LA,InlEmp,359,Residential - Single Family,0.0404686,0.05,0.002023
LA,InlEmp,360,Commercial/Industrial/Institutional,0.0404686,0,0
LA,InlEmp,363,Open Space,0.0404686,0.2,0.008094
LA,InlEmp,364,Residential - Single Family,0.0404686,0.4,0.016187
LA,InlEmp,365,Residential - Single Family,0.0404686,0.05,0.002023
LA,InlEmp,366,Commercial/Industrial/Institutional,0.0404686,0.4,0.016187
LA,InlEmp,367,Open Space,0.0404686,0,0
LA,InlEmp,370,Residential - Single Family,0.0404686,0.3,0.012141
LA,SoCalC,60,Residential - Single Family,0.0404686,0.06,0.002428
LA,InlEmp,170,Residential - Multi Family,0.0404686,0.3,0.012141
LA,SoCalC,241,Residential - Single Family,0.0404686,0,0
LA,SoCalC,241,Residential - Single Family,0.0404686,0,0
LA,InlEmp,312,Transportation,0.0404686,0.6035,0.024423
SAC,InlVal,1,Commercial/Industrial/Institutional,0.0404686,0,0
SAC,InlVal,2,Open Space,0.0404686,0,0
SAC,InlVal,3,Residential - Single Family,0.0404686,0.59,0.023876
SAC,InlVal,4,Residential - Single Family,0.0404686,0.01,0.000405
SAC,InlVal,6,Open Space,0.0404686,0.65,0.026305
SAC,InlVal,8,Commercial/Industrial/Institutional,0.0404686,0,0
SAC,InlVal,9,Open Space,0.0404686,0,0
SAC,InlVal,10,Commercial/Industrial/Institutional,0.0404686,0.03,0.001214
SAC,InlVal,11,Open Space,0.0404686,0.4,0.016187
SAC,InlVal,12,Residential - Single Family,0.0404686,0.03,0.001214
SAC,InlVal,14,Residential - Single Family,0.0404686,0.2,0.008094
SAC,InlVal,19,Water/Other,0.0404686,0,0
SAC,InlVal,21,Water/Other,0.0404686,0,0
SAC,InlVal,22,Residential - Single Family,0.0404686,0.07,0.002833
SAC,InlVal,23,Residential - Single Family,0.0404686,0.1,0.004047
SAC,InlVal,24,Residential - Single Family,0.0404686,0.85,0.034398
SAC,InlVal,25,Open Space,0.0404686,0.36,0.014569
SAC,InlVal,26,Open Space,0.0404686,0.03,0.001214
SAC,InlVal,27,Commercial/Industrial/Institutional,0.0404686,0.05,0.002023
SAC,InlVal,28,Residential - Single Family,0.0404686,0.21,0.008498
SAC,InlVal,29,Open Space,0.0404686,0.01,0.000405
SAC,InlVal,30,Residential - Single Family,0.0404686,0.26,0.010522
SAC,InlVal,31,Residential - Single Family,0.0404686,0.01,0.000405
SAC,InlVal,32,Open Space,0.0404686,0.03,0.001214
SAC,InlVal,33,Open Space,0.0404686,0,0
SAC,InlVal,35,Commercial/Industrial/Institutional,0.0404686,0.06,0.002428
SAC,InlVal,36,Commercial/Industrial/Institutional,0.0404686,0,0
SAC,InlVal,38,Open Space,0.0404686,0.27,0.010927
SAC,InlVal,39,Residential - Single Family,0.0404686,0.57,0.023067
SAC,InlVal,41,Residential - Single Family,0.0404686,0.26,0.010522
SAC,InlVal,42,Open Space,0.0404686,0,0
SAC,InlVal,43,Open Space,0.0404686,0,0
SAC,InlVal,44,Residential - Single Family,0.0404686,0.03,0.001214
SAC,InlVal,46,Residential - Single Family,0.0404686,0.02,0.000809
SAC,InlVal,47,Residential - Single Family,0.0404686,0,0
SAC,InlVal,48,Residential - Single Family,0.0404686,0,0
SAC,InlVal,49,Open Space,0.0404686,0.03,0.001214
SAC,InlVal,50,Residential - Single Family,0.0404686,0,0
SAC,InlVal,51,Residential - Single Family,0.0404686,0.53,0.021448
SAC,InlVal,52,Residential - Single Family,0.0404686,0.07,0.002833
SAC,InlVal,54,Open Space,0.0404686,0,0
SAC,InlVal,58,Open Space,0.0404686,0,0
SAC,InlVal,59,Water/Other,0.0404686,0,0
SAC,InlVal,60,Commercial/Industrial/Institutional,0.0404686,0.02,0.000809
SAC,InlVal,61,Commercial/Industrial/Institutional,0.0404686,0.09,0.003642
SAC,InlVal,62,Residential - Single Family,0.0404686,0,0
SAC,InlVal,63,Residential - Multi Family,0.0404686,0,0
SAC,InlVal,64,Residential - Multi Family,0.0404686,0,0
SAC,InlVal,65,Residential - Single Family,0.0404686,0.34,0.013759
SAC,InlVal,69,Residential - Single Family,0.0404686,0.42,0.016997
SAC,InlVal,73,Residential - Single Family,0.0404686,0.45,0.018211
SAC,InlVal,74,Residential - Single Family,0.0404686,0.47,0.01902
SAC,InlVal,75,Residential - Single Family,0.0404686,0.38,0.015378
SAC,InlVal,76,Open Space,0.0404686,0,0
SAC,InlVal,78,Commercial/Industrial/Institutional,0.0404686,0.01,0.000405
SAC,InlVal,80,Residential - Single Family,0.0404686,0.08,0.003237
SAC,InlVal,81,Residential - Single Family,0.0404686,0.44,0.017806
SAC,InlVal,82,Residential - Single Family,0.0404686,0.13,0.005261
SAC,InlVal,83,Residential - Single Family,0.0404686,1,0.040469
SAC,InlVal,84,Residential - Single Family,0.0404686,0.14,0.005666
SAC,InlVal,86,Residential - Single Family,0.0404686,0.1,0.004047
SAC,InlVal,87,Residential - Single Family,0.0404686,0.01,0.000405
SAC,InlVal,88,Commercial/Industrial/Institutional,0.0404686,0.17,0.00688
SAC,InlVal,89,Residential - Single Family,0.0404686,0.26,0.010522
SAC,InlVal,90,Open Space,0.0404686,1,0.040469
SAC,InlVal,91,Residential - Single Family,0.0404686,0.01,0.000405
SAC,InlVal,92,Residential - Single Family,0.0404686,0.11,0.004452
SAC,InlVal,93,Residential - Single Family,0.0404686,0.07,0.002833
SAC,InlVal,96,Residential - Single Family,0.0404686,0.02,0.000809
SAC,InlVal,97,Residential - Single Family,0.0404686,0.01,0.000405
SAC,InlVal,98,Open Space,0.0404686,0,0
SAC,InlVal,99,Open Space,0.0404686,0.08,0.003237
SAC,InlVal,100,Open Space,0.0404686,0,0
SAC,InlVal,103,Open Space,0.0404686,0,0
SAC,InlVal,104,Commercial/Industrial/Institutional,0.0404686,0,0
SAC,InlVal,105,Commercial/Industrial/Institutional,0.0404686,0.07,0.002833
SAC,InlVal,106,Residential - Single Family,0.0404686,0.32,0.01295
SAC,InlVal,107,Open Space,0.0404686,0,0
SAC,InlVal,108,Commercial/Industrial/Institutional,0.0404686,0.05,0.002023
SAC,InlVal,111,Residential - Single Family,0.0404686,0.12,0.004856
SAC,InlVal,112,Residential - Single Family,0.0404686,0.27,0.010927
SAC,InlVal,113,Residential - Single Family,0.0404686,0,0
SAC,InlVal,114,Residential - Single Family,0.0404686,0.84,0.033994
SAC,InlVal,115,Residential - Single Family,0.0404686,0.09,0.003642
SAC,InlVal,116,Open Space,0.0404686,0.15,0.00607
SAC,InlVal,117,Residential - Single Family,0.0404686,0.18,0.007284
SAC,InlVal,118,Commercial/Industrial/Institutional,0.0404686,0,0
SAC,InlVal,119,Commercial/Industrial/Institutional,0.0404686,0,0
SAC,InlVal,120,Open Space,0.0404686,0.07,0.002833
SAC,InlVal,122,Residential - Single Family,0.0404686,0.07,0.002833
SAC,InlVal,123,Residential - Single Family,0.0404686,0.45,0.018211
SAC,InlVal,124,Commercial/Industrial/Institutional,0.0404686,0.07,0.002833
SAC,InlVal,125,Residential - Single Family,0.0404686,0.4,0.016187
SAC,InlVal,126,Residential - Single Family,0.0404686,0.4,0.016187
SAC,InlVal,129,Commercial/Industrial/Institutional,0.0404686,0.18,0.007284
SAC,InlVal,130,Commercial/Industrial/Institutional,0.0404686,0,0
SAC,InlVal,131,Commercial/Industrial/Institutional,0.0404686,0,0
SAC,InlVal,132,Open Space,0.0404686,0,0
SAC,InlVal,133,Commercial/Industrial/Institutional,0.0404686,0.01,0.000405
SAC,InlVal,134,Residential - Single Family,0.0404686,0,0
SAC,InlVal,135,Commercial/Industrial/Institutional,0.0404686,0.37,0.014973
SAC,InlVal,137,Open Space,0.0404686,0.17,0.00688
SAC,InlVal,138,Residential - Single Family,0.0404686,0,0
SAC,InlVal,141,Residential - Multi Family,0.0404686,0.07,0.002833
SAC,InlVal,142,Residential - Single Family,0.0404686,0,0
SAC,InlVal,143,Commercial/Industrial/Institutional,0.0404686,0,0
SAC,InlVal,144,Residential - Single Family,0.0404686,0.03,0.001214
SAC,InlVal,145,Residential - Single Family,0.0404686,0.41,0.016592
SAC,InlVal,146,Open Space,0.0404686,0,0
SAC,InlVal,147,Open Space,0.0404686,0,0
SAC,InlVal,148,Open Space,0.0404686,0,0
SAC,InlVal,149,Open Space,0.0404686,0,0
SAC,InlVal,150,Residential - Single Family,0.0404686,0.01,0.000405
SAC,InlVal,151,Transportation,0.0404686,0,0
SAC,InlVal,152,Open Space,0.0404686,0,0
SAC,InlVal,153,Open Space,0.0404686,0,0
SAC,InlVal,154,Residential - Single Family,0.0404686,0.04,0.001619
SAC,InlVal,156,Open Space,0.0404686,0,0
SAC,InlVal,157,Commercial/Industrial/Institutional,0.0404686,0,0
SAC,InlVal,158,Commercial/Industrial/Institutional,0.0404686,0.01,0.000405
SAC,InlVal,159,Commercial/Industrial/Institutional,0.0404686,0,0
SAC,InlVal,160,Residential - Single Family,0.0404686,0.4,0.016187
SAC,InlVal,161,Residential - Multi Family,0.0404686,0.13,0.005261
SAC,InlVal,162,Residential - Multi Family,0.0404686,0,0
SAC,InlVal,163,Transportation,0.0404686,0,0
SAC,InlVal,164,Commercial/Industrial/Institutional,0.0404686,0.07,0.002833
SAC,InlVal,165,Residential - Single Family,0.0404686,0.18,0.007284
SAC,InlVal,166,Transportation,0.0404686,0,0
SAC,InlVal,167,Commercial/Industrial/Institutional,0.0404686,0,0
SAC,InlVal,168,Commercial/Industrial/Institutional,0.0404686,0.92,0.037231
SAC,InlVal,169,Residential - Single Family,0.0404686,0.76,0.030756
SAC,InlVal,170,Commercial/Industrial/Institutional,0.0404686,0.05,0.002023
SAC,InlVal,171,Residential - Single Family,0.0404686,0.01,0.000405
SAC,InlVal,172,Open Space,0.0404686,0.05,0.002023
SAC,InlVal,173,Residential - Single Family,0.0404686,0.23,0.009308
SAC,InlVal,175,Residential - Single Family,0.0404686,0,0
SAC,InlVal,176,Open Space,0.0404686,0.06,0.002428
SAC,InlVal,177,Commercial/Industrial/Institutional,0.0404686,0,0
SAC,InlVal,178,Residential - Single Family,0.0404686,0.19,0.007689
SAC,InlVal,179,Commercial/Industrial/Institutional,0.0404686,0.12,0.004856
SAC,InlVal,181,Residential - Single Family,0.0404686,0.11,0.004452
SAC,InlVal,182,Residential - Single Family,0.0404686,0,0
SAC,InlVal,183,Residential - Single Family,0.0404686,0,0
SAC,InlVal,184,Residential - Single Family,0.0404686,0.26,0.010522
SAC,InlVal,185,Open Space,0.0404686,0.9,0.036422
SAC,InlVal,186,Transportation,0.0404686,0.3,0.012141
SAC,InlVal,187,Residential - Single Family,0.0404686,0.01,0.000405
SAC,InlVal,188,Commercial/Industrial/Institutional,0.0404686,0.1,0.004047
SAC,InlVal,189,Open Space,0.0404686,0.1,0.004047
SAC,InlVal,190,Commercial/Industrial/Institutional,0.0404686,0.05,0.002023
SAC,InlVal,193,Residential - Single Family,0.0404686,0.4,0.016187
SAC,InlVal,194,Open Space,0.0404686,0.2,0.008094
SAC,InlVal,195,Transportation,0.0404686,0,0
SAC,InlVal,196,Transportation,0.0404686,0.07,0.002833
SAC,InlVal,197,Residential - Single Family,0.0404686,0.02,0.000809
SAC,InlVal,198,Commercial/Industrial/Institutional,0.0404686,0,0
SAC,InlVal,199,Residential - Single Family,0.0404686,0.03,0.001214
SAC,InlVal,200,Open Space,0.0404686,0,0
SAC,InlVal,201,Water/Other,0.0404686,0,0
SAC,InlVal,202,Open Space,0.0404686,0.7,0.028328
SAC,InlVal,205,Commercial/Industrial/Institutional,0.0404686,0.6,0.024281
SAC,InlVal,206,Residential - Single Family,0.0404686,0.33,0.013355
SAC,InlVal,207,Commercial/Industrial/Institutional,0.0404686,0.21,0.008498
SAC,InlVal,208,Residential - Multi Family,0.0404686,0.33,0.013355
SAC,InlVal,210,Residential - Single Family,0.0404686,0.15,0.00607
SAC,InlVal,211,Residential - Single Family,0.0404686,0.07,0.002833
SAC,InlVal,212,Commercial/Industrial/Institutional,0.0404686,0,0
SAC,InlVal,213,Commercial/Industrial/Institutional,0.0404686,0,0
SAC,InlVal,214,Residential - Multi Family,0.0404686,0.53,0.021448
SAC,InlVal,216,Open Space,0.0404686,0.11,0.004452
SAC,InlVal,217,Residential - Single Family,0.0404686,0.37,0.014973
SAC,InlVal,218,Commercial/Industrial/Institutional,0.0404686,0.32,0.01295
SAC,InlVal,220,Open Space,0.0404686,0.76,0.030756
SAC,InlVal,224,Commercial/Industrial/Institutional,0.0404686,0.09,0.003642
SAC,InlVal,225,Residential - Single Family,0.0404686,0.04,0.001619
SAC,InlVal,226,Residential - Single Family,0.0404686,0.49,0.01983
SAC,InlVal,227,Transportation,0.0404686,0,0
SAC,InlVal,228,Residential - Single Family,0.0404686,0.02,0.000809
SAC,InlVal,229,Residential - Single Family,0.0404686,0.14,0.005666
SAC,InlVal,230,Residential - Single Family,0.0404686,0,0
SAC,InlVal,231,Residential - Single Family,0.0404686,0,0
SAC,InlVal,232,Residential - Single Family,0.0404686,0,0
SAC,InlVal,233,Open Space,0.0404686,0,0
SAC,InlVal,234,Commercial/Industrial/Institutional,0.0404686,0,0
SAC,InlVal,235,Open Space,0.0404686,0,0
SAC,InlVal,236,Open Space,0.0404686,0,0
SAC,InlVal,237,Residential - Single Family,0.0404686,0.01,0.000405
SAC,InlVal,238,Commercial/Industrial/Institutional,0.0404686,0,0
SAC,InlVal,239,Transportation,0.0404686,0,0
SAC,InlVal,240,Commercial/Industrial/Institutional,0.0404686,0,0
SAC,InlVal,241,Residential - Single Family,0.0404686,0.03,0.001214
SAC,InlVal,242,Residential - Single Family,0.0404686,0,0
SAC,InlVal,243,Commercial/Industrial/Institutional,0.0404686,0.04,0.001619
SAC,InlVal,244,Transportation,0.0404686,0.03,0.001214
SAC,InlVal,245,Residential - Single Family,0.0404686,0.02,0.000809
SAC,InlVal,246,Residential - Single Family,0.0404686,0.3,0.012141
SAC,InlVal,248,Residential - Single Family,0.0404686,0.03,0.001214
SAC,InlVal,249,Open Space,0.0404686,0,0
SAC,InlVal,251,Residential - Single Family,0.0404686,0.01,0.000405
SAC,InlVal,252,Residential - Single Family,0.0404686,0.02,0.000809
SAC,InlVal,254,Open Space,0.0404686,0.29,0.011736
SAC,InlVal,255,Commercial/Industrial/Institutional,0.0404686,0,0
SAC,InlVal,256,Residential - Single Family,0.0404686,0.01,0.000405
SAC,InlVal,258,Residential - Single Family,0.0404686,0.4,0.016187
SAC,InlVal,260,Open Space,0.0404686,0,0
SAC,InlVal,261,Open Space,0.0404686,0,0
SAC,InlVal,262,Open Space,0.0404686,0.13,0.005261
SAC,InlVal,263,Open Space,0.0404686,0.02,0.000809
SAC,InlVal,265,Residential - Single Family,0.0404686,0.07,0.002833
SAC,InlVal,266,Open Space,0.0404686,0,0
SAC,InlVal,267,Residential - Single Family,0.0404686,0.06,0.002428
SAC,InlVal,268,Open Space,0.0404686,0,0
SAC,InlVal,269,Residential - Single Family,0.0404686,0.03,0.001214
SAC,InlVal,270,Transportation,0.0404686,0.33,0.013355
SAC,InlVal,271,Residential - Single Family,0.0404686,0.06,0.002428
SAC,InlVal,274,Commercial/Industrial/Institutional,0.0404686,0,0
SAC,InlVal,275,Open Space,0.0404686,0.17,0.00688
SAC,InlVal,277,Open Space,0.0404686,0,0
SAC,InlVal,278,Transportation,0.0404686,0,0
SAC,InlVal,279,Residential - Single Family,0.0404686,0.3,0.012141
SAC,InlVal,283,Residential - Single Family,0.0404686,0.46,0.018616
SAC,InlVal,284,Commercial/Industrial/Institutional,0.0404686,0,0
SAC,InlVal,285,Residential - Single Family,0.0404686,0.34,0.013759
SAC,InlVal,289,Residential - Single Family,0.0404686,0,0
SAC,InlVal,290,Residential - Single Family,0.0404686,0.14,0.005666
SAC,InlVal,291,Residential - Multi Family,0.0404686,0.31,0.012545
SAC,InlVal,292,Residential - Single Family,0.0404686,0.05,0.002023
SAC,InlVal,293,Transportation,0.0404686,0,0
SAC,InlVal,294,Residential - Single Family,0.0404686,0.15,0.00607
SAC,InlVal,295,Residential - Single Family,0.0404686,0.01,0.000405
SAC,InlVal,296,Residential - Single Family,0.0404686,0.32,0.01295
SAC,InlVal,299,Commercial/Industrial/Institutional,0.0404686,0.21,0.008498
SAC,InlVal,300,Open Space,0.0404686,0,0
SAC,InlVal,301,Commercial/Industrial/Institutional,0.0404686,0.02,0.000809
SAC,InlVal,303,Residential - Single Family,0.0404686,0.42,0.016997
SAC,InlVal,304,Water/Other,0.0404686,0,0
SAC,InlVal,306,Residential - Single Family,0.0404686,0.15,0.00607
SAC,InlVal,307,Open Space,0.0404686,0.53,0.021448
SAC,InlVal,308,Open Space,0.0404686,0,0
SAC,InlVal,309,Transportation,0.0404686,0.01,0.000405
SAC,InlVal,310,Commercial/Industrial/Institutional,0.0404686,0,0
SAC,InlVal,312,Open Space,0.0404686,0.05,0.002023
SAC,InlVal,313,Residential - Single Family,0.0404686,0.18,0.007284
SAC,InlVal,314,Transportation,0.0404686,0,0
SAC,InlVal,316,Commercial/Industrial/Institutional,0.0404686,0,0
SAC,InlVal,317,Commercial/Industrial/Institutional,0.0404686,0.01,0.000405
SAC,InlVal,318,Transportation,0.0404686,0.59,0.023876
SAC,InlVal,319,Residential - Single Family,0.0404686,0.17,0.00688
SAC,InlVal,321,Commercial/Industrial/Institutional,0.0404686,0.09,0.003642
SAC,InlVal,322,Residential - Single Family,0.0404686,0,0
SAC,InlVal,323,Transportation,0.0404686,0,0
SAC,InlVal,324,Commercial/Industrial/Institutional,0.0404686,0,0
SAC,InlVal,325,Commercial/Industrial/Institutional,0.0404686,0.01,0.000405
SAC,InlVal,327,Commercial/Industrial/Institutional,0.0404686,0,0
SAC,InlVal,328,Commercial/Industrial/Institutional,0.0404686,0.13,0.005261
SAC,InlVal,329,Residential - Single Family,0.0404686,0.44,0.017806
SAC,InlVal,330,Open Space,0.0404686,0.33,0.013355
SAC,InlVal,331,Water/Other,0.0404686,0,0
SAC,InlVal,332,Residential - Single Family,0.0404686,0.01,0.000405
SAC,InlVal,333,Commercial/Industrial/Institutional,0.0404686,0.1,0.004047
SAC,InlVal,334,Open Space,0.0404686,0,0
SAC,InlVal,335,Residential - Single Family,0.0404686,0.03,0.001214
SAC,InlVal,336,Residential - Single Family,0.0404686,0.13,0.005261
SAC,InlVal,337,Residential - Single Family,0.0404686,0,0
SAC,InlVal,338,Residential - Single Family,0.0404686,0.26,0.010522
SAC,InlVal,339,Open Space,0.0404686,0.09,0.003642
SAC,InlVal,340,Water/Other,0.0404686,0.02,0.000809
SAC,InlVal,341,Commercial/Industrial/Institutional,0.0404686,0.63,0.025495
SAC,InlVal,342,Residential - Single Family,0.0404686,0.14,0.005666
SAC,InlVal,343,Residential - Single Family,0.0404686,0.22,0.008903
SAC,InlVal,345,Residential - Single Family,0.0404686,0,0
SAC,InlVal,346,Commercial/Industrial/Institutional,0.0404686,0,0
SAC,InlVal,347,Commercial/Industrial/Institutional,0.0404686,0.01,0.000405
SAC,InlVal,348,Open Space,0.0404686,0,0
SAC,InlVal,349,Commercial/Industrial/Institutional,0.0404686,0,0
SAC,InlVal,350,Open Space,0.0404686,0,0
SB,SoCalC,1,Residential - Multi Family,0.0404686,0,0
SB,SoCalC,2,Residential - Single Family,0.0404686,0.08,0.003237
SB,SoCalC,3,Commercial/Industrial/Institutional,0.0404686,0,0
SB,SoCalC,4,Residential - Single Family,0.0404686,0.83,0.033589
SB,SoCalC,5,Transportation,0.0404686,0.63,0.025495
SB,SoCalC,7,Commercial/Industrial/Institutional,0.0404686,0.13,0.005261
SB,SoCalC,8,Residential - Multi Family,0.0404686,0.33,0.013355
SB,SoCalC,9,Residential - Single Family,0.0404686,0.03,0.001214
SB,SoCalC,10,Residential - Single Family,0.0404686,0.33,0.013355
SB,SoCalC,11,Residential - Single Family,0.0404686,0.13,0.005261
SB,SoCalC,12,Transportation,0.0404686,0.13,0.005261
SB,SoCalC,13,Commercial/Industrial/Institutional,0.0404686,0.03,0.001214
SB,SoCalC,14,Transportation,0.0404686,0.23,0.009308
SB,SoCalC,15,Transportation,0.0404686,0.13,0.005261
SB,SoCalC,16,Residential - Single Family,0.0404686,0.38,0.015378
SB,SoCalC,17,Open Space,0.0404686,0.73,0.029542
SB,SoCalC,18,Residential - Single Family,0.0404686,0.63,0.025495
SB,SoCalC,19,Commercial/Industrial/Institutional,0.0404686,0.48,0.019425
SB,SoCalC,20,Residential - Multi Family,0.0404686,0.03,0.001214
SB,SoCalC,21,Open Space,0.0404686,0,0
SB,SoCalC,22,Open Space,0.0404686,0.03,0.001214
SB,SoCalC,24,Residential - Single Family,0.0404686,0.13,0.005261
SB,SoCalC,26,Commercial/Industrial/Institutional,0.0404686,0.08,0.003237
SB,SoCalC,27,Residential - Multi Family,0.0404686,0.13,0.005261
SB,SoCalC,28,Transportation,0.0404686,0.53,0.021448
SB,SoCalC,29,Commercial/Industrial/Institutional,0.0404686,0.13,0.005261
SB,SoCalC,30,Open Space,0.0404686,0,0
SB,SoCalC,31,Open Space,0.0404686,0.18,0.007284
SB,SoCalC,33,Residential - Single Family,0.0404686,0.43,0.017401
SB,SoCalC,34,Transportation,0.0404686,0.03,0.001214
SB,SoCalC,35,Residential - Single Family,0.0404686,0.13,0.005261
SB,SoCalC,36,Residential - Single Family,0.0404686,0.08,0.003237
SB,SoCalC,37,Residential - Multi Family,0.0404686,0.18,0.007284
SB,SoCalC,38,Residential - Single Family,0.0404686,0.08,0.003237
SB,SoCalC,39,Commercial/Industrial/Institutional,0.0404686,0.28,0.011331
SB,SoCalC,40,Commercial/Industrial/Institutional,0.0404686,0,0
SB,SoCalC,42,Open Space,0.0404686,0.18,0.007284
SB,SoCalC,43,Transportation,0.0404686,0.03,0.001214
SB,SoCalC,44,Transportation,0.0404686,0.48,0.019425
SB,SoCalC,45,Open Space,0.0404686,0,0
SB,SoCalC,46,Residential - Single Family,0.0404686,0.68,0.027519
SB,SoCalC,47,Residential - Single Family,0.0404686,0.08,0.003237
SB,SoCalC,48,Residential - Multi Family,0.0404686,0,0
SB,SoCalC,49,Transportation,0.0404686,0,0
SB,SoCalC,50,Commercial/Industrial/Institutional,0.0404686,0.08,0.003237
SB,SoCalC,51,Commercial/Industrial/Institutional,0.0404686,0,0
SB,SoCalC,52,Commercial/Industrial/Institutional,0.0404686,0.08,0.003237
SB,SoCalC,53,Commercial/Industrial/Institutional,0.0404686,0,0
SB,SoCalC,54,Commercial/Industrial/Institutional,0.0404686,0,0
SB,SoCalC,55,Transportation,0.0404686,0,0
SB,SoCalC,56,Transportation,0.0404686,0.43,0.017401
SB,SoCalC,57,Transportation,0.0404686,0.08,0.003237
SB,SoCalC,58,Open Space,0.0404686,0,0
SB,SoCalC,59,Residential - Single Family,0.0404686,0.03,0.001214
SB,SoCalC,60,Open Space,0.0404686,0.88,0.035612
SB,SoCalC,61,Residential - Multi Family,0.0404686,0.13,0.005261
SB,SoCalC,62,Residential - Multi Family,0.0404686,0.33,0.013355
SB,SoCalC,63,Commercial/Industrial/Institutional,0.0404686,0.13,0.005261
SB,SoCalC,64,Commercial/Industrial/Institutional,0.0404686,0.08,0.003237
SB,SoCalC,65,Commercial/Industrial/Institutional,0.0404686,0.03,0.001214
SB,SoCalC,66,Open Space,0.0404686,0.03,0.001214
SB,SoCalC,67,Commercial/Industrial/Institutional,0.0404686,0.08,0.003237
SB,SoCalC,68,Transportation,0.0404686,0.08,0.003237
SB,SoCalC,69,Commercial/Industrial/Institutional,0.0404686,0.13,0.005261
SB,SoCalC,70,Residential - Single Family,0.0404686,0.18,0.007284
SB,SoCalC,71,Residential - Single Family,0.0404686,0.08,0.003237
SB,SoCalC,72,Residential - Multi Family,0.0404686,0.18,0.007284
SB,SoCalC,73,Residential - Single Family,0.0404686,0.08,0.003237
SB,SoCalC,74,Residential - Single Family,0.0404686,0.18,0.007284
SB,SoCalC,75,Residential - Single Family,0.0404686,0.18,0.007284
SB,SoCalC,76,Residential - Single Family,0.0404686,0.13,0.005261
SB,SoCalC,77,Residential - Single Family,0.0404686,0.18,0.007284
SB,SoCalC,78,Residential - Multi Family,0.0404686,0.03,0.001214
SB,SoCalC,79,Commercial/Industrial/Institutional,0.0404686,0,0
SB,SoCalC,80,Residential - Multi Family,0.0404686,0.03,0.001214
SB,SoCalC,81,Residential - Single Family,0.0404686,0.13,0.005261
SB,SoCalC,82,Residential - Single Family,0.0404686,0.43,0.017401
SB,SoCalC,83,Residential - Single Family,0.0404686,0.68,0.027519
SB,SoCalC,84,Residential - Single Family,0.0404686,0.83,0.033589
SB,SoCalC,85,Residential - Single Family,0.0404686,0.13,0.005261
SB,SoCalC,86,Residential - Multi Family,0.0404686,0.03,0.001214
SB,SoCalC,87,Transportation,0.0404686,0.38,0.015378
SB,SoCalC,88,Commercial/Industrial/Institutional,0.0404686,0.13,0.005261
SB,SoCalC,89,Transportation,0.0404686,0.18,0.007284
SB,SoCalC,90,Residential - Single Family,0.0404686,0.23,0.009308
SB,SoCalC,91,Residential - Single Family,0.0404686,0.18,0.007284
SB,SoCalC,92,Residential - Single Family,0.0404686,0.23,0.009308
SB,SoCalC,93,Transportation,0.0404686,0.08,0.003237
SB,SoCalC,94,Residential - Single Family,0.0404686,0.13,0.005261
SB,SoCalC,95,Residential - Multi Family,0.0404686,0.13,0.005261
SB,SoCalC,96,Residential - Single Family,0.0404686,0.23,0.009308
SB,SoCalC,97,Open Space,0.0404686,0.73,0.029542
SB,SoCalC,98,Transportation,0.0404686,0.03,0.001214
SB,SoCalC,99,Transportation,0.0404686,0.08,0.003237
SB,SoCalC,100,Open Space,0.0404686,0.98,0.039659
SB,SoCalC,101,Residential - Single Family,0.0404686,0.78,0.031566
SB,SoCalC,102,Residential - Single Family,0.0404686,0.68,0.027519
SB,SoCalC,103,Residential - Single Family,0.0404686,0.13,0.005261
SB,SoCalC,104,Open Space,0.0404686,0.18,0.007284
SB,SoCalC,105,Residential - Single Family,0.0404686,0.08,0.003237
SB,SoCalC,107,Residential - Single Family,0.0404686,0.03,0.001214
SB,SoCalC,108,Commercial/Industrial/Institutional,0.0404686,0,0
SB,SoCalC,109,Residential - Single Family,0.0404686,0.48,0.019425
SB,SoCalC,110,Residential - Single Family,0.0404686,0.08,0.003237
